{
  "kind": "logistic_regression",
  "schemaVersion": 1,
  "featureNames": [
    "score_total",
    "score_normalizer",
    "score_v3",
    "score_v4",
    "n_categories",
    "n_v3_terms",
    "n_v3_rules",
    "n_v4_explicit",
    "n_v4_rules",
    "n_evasion_transforms",
    "flag_velocity",
    "flag_temporal_chain",
    "flag_actor_aggressor",
    "flag_dampeners",
    "cat_reclutamiento",
    "cat_oferta_economica",
    "cat_logistica_fisica",
    "cat_solicitud_informacion",
    "cat_aislamiento",
    "cat_cambio_canal",
    "cat_slang_operativo",
    "cat_contenido_normalizado",
    "txt_imperative_ratio",
    "txt_second_person",
    "txt_question_ratio",
    "txt_money_mention",
    "txt_meet_mention",
    "txt_avg_len"
  ],
  "coefficients": [
    1.855379033996478,
    -0.16300540574116335,
    1.1847048364263044,
    0.6197232772046889,
    0.4165673609344541,
    0.4912366704348952,
    0.7576034340121228,
    0.004156205052367387,
    0.3380501323968748,
    -0.8150270287058168,
    0.42350416294298276,
    0.52544006687526,
    0.057644860155902714,
    -1.2526584715021594,
    0.9902686736291896,
    -0.2628058661426328,
    -0.03301726433976456,
    0.7358883656796623,
    0.5528513161862582,
    -0.1216467239205903,
    -0.06705846705376045,
    0.2619779172276733,
    0.03469149634500832,
    1.1545079759759171,
    -0.2880718077050313,
    1.3988445518825872,
    0.4713233844206276,
    -0.5597832153454695
  ],
  "bias": -2.2850115151861385,
  "threshold": 0.5,
  "trainedRows": 143,
  "trainingNote": "Fitted on the complete small benchmark corpus for shadow-only inference; use cross-validation report for evaluation."
}
